{
    "Park Hall": {
        "Park Hall": 0.0,
        "Miller Plant Sciences": 22.02271554554524,
        "Boyd": 13.0,
        "Dawson Hall": 10.04987562112089,
        "Physics": 8.246211251235321,
        "Science Learning Center": 22.090722034374522,
        "Conner Hall": 9.486832980505138,
        "Cedar Street Building C": 8.54400374531753,
        "Aderhold Hall": 23.53720459187964,
        "Life Sciences": 21.840329667841555,
        "Forest Resources": 17.029386365926403,
        "Food Sciences": 12.083045973594572,
        "Geography Geology": 7.0710678118654755
    },
    "Miller Plant Sciences": {
        "Park Hall": 22.02271554554524,
        "Miller Plant Sciences": 0.0,
        "Boyd": 9.055385138137417,
        "Dawson Hall": 12.165525060596439,
        "Physics": 14.317821063276353,
        "Science Learning Center": 3.0,
        "Conner Hall": 13.152946437965905,
        "Cedar Street Building C": 14.142135623730951,
        "Aderhold Hall": 4.123105625617661,
        "Life Sciences": 5.0990195135927845,
        "Forest Resources": 5.0,
        "Food Sciences": 11.704699910719626,
        "Geography Geology": 15.132745950421556
    },
    "Boyd": {
        "Park Hall": 13.0,
        "Miller Plant Sciences": 9.055385138137417,
        "Boyd": 0.0,
        "Dawson Hall": 3.1622776601683795,
        "Physics": 5.385164807134504,
        "Science Learning Center": 9.219544457292887,
        "Conner Hall": 5.0,
        "Cedar Street Building C": 5.830951894845301,
        "Aderhold Hall": 11.180339887498949,
        "Life Sciences": 10.0,
        "Forest Resources": 4.123105625617661,
        "Food Sciences": 5.385164807134504,
        "Geography Geology": 6.082762530298219
    },
    "Dawson Hall": {
        "Park Hall": 10.04987562112089,
        "Miller Plant Sciences": 12.165525060596439,
        "Boyd": 3.1622776601683795,
        "Dawson Hall": 0.0,
        "Physics": 2.23606797749979,
        "Science Learning Center": 12.041594578792296,
        "Conner Hall": 4.123105625617661,
        "Cedar Street Building C": 4.47213595499958,
        "Aderhold Hall": 14.317821063276353,
        "Life Sciences": 13.038404810405298,
        "Forest Resources": 7.280109889280518,
        "Food Sciences": 6.082762530298219,
        "Geography Geology": 3.0
    },
    "Physics": {
        "Park Hall": 8.246211251235321,
        "Miller Plant Sciences": 14.317821063276353,
        "Boyd": 5.385164807134504,
        "Dawson Hall": 2.23606797749979,
        "Physics": 0.0,
        "Science Learning Center": 14.0,
        "Conner Hall": 5.0990195135927845,
        "Cedar Street Building C": 5.0,
        "Aderhold Hall": 16.55294535724685,
        "Life Sciences": 15.264337522473747,
        "Forest Resources": 9.486832980505138,
        "Food Sciences": 7.615773105863909,
        "Geography Geology": 1.4142135623730951
    },
    "Science Learning Center": {
        "Park Hall": 22.090722034374522,
        "Miller Plant Sciences": 3.0,
        "Boyd": 9.219544457292887,
        "Dawson Hall": 12.041594578792296,
        "Physics": 14.0,
        "Science Learning Center": 0.0,
        "Conner Hall": 13.92838827718412,
        "Cedar Street Building C": 14.866068747318506,
        "Aderhold Hall": 7.0710678118654755,
        "Life Sciences": 8.06225774829855,
        "Forest Resources": 5.830951894845301,
        "Food Sciences": 13.038404810405298,
        "Geography Geology": 15.033296378372908
    },
    "Conner Hall": {
        "Park Hall": 9.486832980505138,
        "Miller Plant Sciences": 13.152946437965905,
        "Boyd": 5.0,
        "Dawson Hall": 4.123105625617661,
        "Physics": 5.0990195135927845,
        "Science Learning Center": 13.92838827718412,
        "Conner Hall": 0.0,
        "Cedar Street Building C": 1.0,
        "Aderhold Hall": 14.142135623730951,
        "Life Sciences": 12.36931687685298,
        "Forest Resources": 8.246211251235321,
        "Food Sciences": 2.8284271247461903,
        "Geography Geology": 4.47213595499958
    },
    "Cedar Street Building C": {
        "Park Hall": 8.54400374531753,
        "Miller Plant Sciences": 14.142135623730951,
        "Boyd": 5.830951894845301,
        "Dawson Hall": 4.47213595499958,
        "Physics": 5.0,
        "Science Learning Center": 14.866068747318506,
        "Conner Hall": 1.0,
        "Cedar Street Building C": 0.0,
        "Aderhold Hall": 15.132745950421556,
        "Life Sciences": 13.341664064126334,
        "Forest Resources": 9.219544457292887,
        "Food Sciences": 3.605551275463989,
        "Geography Geology": 4.123105625617661
    },
    "Aderhold Hall": {
        "Park Hall": 23.53720459187964,
        "Miller Plant Sciences": 4.123105625617661,
        "Boyd": 11.180339887498949,
        "Dawson Hall": 14.317821063276353,
        "Physics": 16.55294535724685,
        "Science Learning Center": 7.0710678118654755,
        "Conner Hall": 14.142135623730951,
        "Cedar Street Building C": 15.132745950421556,
        "Aderhold Hall": 0.0,
        "Life Sciences": 2.23606797749979,
        "Forest Resources": 7.211102550927978,
        "Food Sciences": 12.0,
        "Geography Geology": 17.08800749063506
    },
    "Life Sciences": {
        "Park Hall": 21.840329667841555,
        "Miller Plant Sciences": 5.0990195135927845,
        "Boyd": 10.0,
        "Dawson Hall": 13.038404810405298,
        "Physics": 15.264337522473747,
        "Science Learning Center": 8.06225774829855,
        "Conner Hall": 12.36931687685298,
        "Cedar Street Building C": 13.341664064126334,
        "Aderhold Hall": 2.23606797749979,
        "Life Sciences": 0.0,
        "Forest Resources": 6.4031242374328485,
        "Food Sciences": 10.04987562112089,
        "Geography Geology": 15.652475842498529
    },
    "Forest Resources": {
        "Park Hall": 17.029386365926403,
        "Miller Plant Sciences": 5.0,
        "Boyd": 4.123105625617661,
        "Dawson Hall": 7.280109889280518,
        "Physics": 9.486832980505138,
        "Science Learning Center": 5.830951894845301,
        "Conner Hall": 8.246211251235321,
        "Cedar Street Building C": 9.219544457292887,
        "Aderhold Hall": 7.211102550927978,
        "Life Sciences": 6.4031242374328485,
        "Forest Resources": 0.0,
        "Food Sciences": 7.211102550927978,
        "Geography Geology": 10.198039027185569
    },
    "Food Sciences": {
        "Park Hall": 12.083045973594572,
        "Miller Plant Sciences": 11.704699910719626,
        "Boyd": 5.385164807134504,
        "Dawson Hall": 6.082762530298219,
        "Physics": 7.615773105863909,
        "Science Learning Center": 13.038404810405298,
        "Conner Hall": 2.8284271247461903,
        "Cedar Street Building C": 3.605551275463989,
        "Aderhold Hall": 12.0,
        "Life Sciences": 10.04987562112089,
        "Forest Resources": 7.211102550927978,
        "Food Sciences": 0.0,
        "Geography Geology": 7.211102550927978
    },
    "Geography Geology": {
        "Park Hall": 7.0710678118654755,
        "Miller Plant Sciences": 15.132745950421556,
        "Boyd": 6.082762530298219,
        "Dawson Hall": 3.0,
        "Physics": 1.4142135623730951,
        "Science Learning Center": 15.033296378372908,
        "Conner Hall": 4.47213595499958,
        "Cedar Street Building C": 4.123105625617661,
        "Aderhold Hall": 17.08800749063506,
        "Life Sciences": 15.652475842498529,
        "Forest Resources": 10.198039027185569,
        "Food Sciences": 7.211102550927978,
        "Geography Geology": 0.0
    }
}